questionId,questionName
1,What was your childhood nickname?
2,In what city did you meet your spouse/significant other?
3,What is the name of your favorite childhood friend?
4,What street did you live on in third grade?
5,What is your oldest sibling's birthday month and year? (e.g. January 1900)
6,What is the middle name of your oldest child?
7,What is your oldest sibling's middle name?
8,What school did you attend for sixth grade?
9,What was your childhood phone number including area code? (e.g. 000-000-0000)
10,What is your oldest cousin's first and last name?
11,What was the name of your first stuffed animal?
12,In what city or town did your mother and father meet?
13,Where were you when you had your first kiss?
14,What is the first name of the boy or girl that you first kissed?
15,What was the last name of your third grade teacher?
16,In what city does your nearest sibling live?
17,What is your oldest brother's birthday month and year? (e.g. January 1900)
18,What is your maternal grandmother's maiden name?
19,In what city or town was your first job?
20,What is the name of the place your wedding reception was held?
21,What is the name of a college you applied to but didn't attend?
22,Where were you when you first heard about 9/11?
